DAP,median,q25,q75,mean,std
0.000000000000000000e+00,1.181941852901149947e-01,7.583542328350223460e-02,1.693804517211592309e-01,1.240791882397359741e-01,7.649247148223081716e-02
1.000000000000000000e+00,6.194656338577506083e-02,4.077530851894325958e-02,1.288532621988661697e-01,9.243685934994794184e-02,7.507760223231153829e-02
2.000000000000000000e+00,2.335876682443257385e-02,1.735784575353229581e-02,6.991526199066229463e-02,5.039581622131886901e-02,4.697895650600871637e-02
3.000000000000000000e+00,1.287633714390058748e-02,1.048341777790819974e-02,3.900732351946323978e-02,2.870171515028076270e-02,2.583853892330514879e-02
4.000000000000000000e+00,8.257357683514772451e-03,8.136396646308299146e-03,2.578563132566765934e-02,1.986223275347904701e-02,1.658313056108948191e-02
5.000000000000000000e+00,7.983687251256718284e-03,7.557074624686461843e-03,2.923482812441696374e-02,2.186670608231670865e-02,2.023987245830619758e-02
6.000000000000000000e+00,7.751698170592414769e-03,6.416491413302385233e-03,7.194659560786671737e-02,4.965815862391526059e-02,6.116266904218015110e-02
7.000000000000000000e+00,6.817533992064556125e-03,4.645371751432826254e-03,3.838210651970340448e-02,2.641247418340263511e-02,3.083438052619428757e-02
8.000000000000000000e+00,8.228890286924967282e-03,4.878067473602322110e-03,4.103335504442390258e-02,2.786465158304249345e-02,3.262286683281514360e-02
9.000000000000000000e+00,6.266193096987423931e-03,3.556606996864576480e-03,3.185940960317769355e-02,2.152194670103237117e-02,2.550296909371433177e-02
1.000000000000000000e+01,4.921469721200550165e-03,3.449382781536425822e-03,3.011090090908542793e-02,2.073303255334771680e-02,2.447230663780085302e-02
1.100000000000000000e+01,3.503723659144394702e-03,2.392087427373725591e-03,1.595096877390354481e-02,1.106079624780338146e-02,1.229295931151839008e-02
1.200000000000000000e+01,1.537322427294471328e-03,1.112441493992760797e-03,5.558929780041998656e-03,3.935140040258348904e-03,4.006944393321252434e-03
1.300000000000000000e+01,1.893611033219504743e-03,1.529165878716286881e-03,3.110009153051241336e-03,2.461579676771850564e-03,1.351790600907817712e-03
1.400000000000000000e+01,1.439560678067987494e-03,1.030061359668234082e-03,1.552343548894562913e-03,1.241749713019202166e-03,4.487951044022914877e-04
1.500000000000000000e+01,5.190672501355197282e-04,2.841978468348231070e-04,9.893310376411896222e-04,6.759968396055018739e-04,5.863349377362058390e-04
1.600000000000000000e+01,6.022939825278805087e-04,3.630378405231520292e-04,1.010620687792870452e-03,7.150076913680548539e-04,5.347222513905925409e-04
1.700000000000000000e+01,1.103199332857522598e-03,8.495056664058651345e-04,1.118964673908012797e-03,9.445804492567443133e-04,2.469522482857908425e-04
1.800000000000000000e+01,3.135924406270940721e-04,-1.197121809594698348e-03,4.118196464028587114e-04,-6.280655890035912597e-04,1.472805144931149755e-03
1.900000000000000000e+01,8.294634198132810454e-05,-1.313993380353733597e-03,6.975328023357675426e-04,-4.386224993390867920e-04,1.683302928931220159e-03
2.000000000000000000e+01,-3.818918328482780178e-03,-7.590777298759256858e-03,-1.335125158967406453e-03,-4.677628862323515192e-03,5.143683604174421019e-03
2.100000000000000000e+01,-5.757519182244180689e-03,-6.037613228629451143e-03,-2.125956127204229815e-03,-3.523206509807726931e-03,3.563254703010339686e-03
2.200000000000000000e+01,-1.127247491249497302e-03,-5.517045781948320265e-03,4.741314220783601416e-04,-2.986193742830140982e-03,5.065304542654090574e-03
2.300000000000000000e+01,-2.549530461398642756e-03,-1.201148307519353878e-02,-6.844516259681728953e-04,-7.614112980308260052e-03,9.917632060119798906e-03
2.400000000000000000e+01,-6.964704769464538474e-03,-1.005158316939180722e-02,-2.887660820787023644e-03,-6.304594403631041954e-03,5.867912331096395394e-03
2.500000000000000000e+01,-4.078335966921378675e-03,-5.785857006168826887e-03,-1.497402130244617716e-03,-3.496060768635169888e-03,3.525632664524440581e-03
2.600000000000000000e+01,-7.397217815376396595e-04,-1.977713897680530037e-03,1.892965601799502084e-04,-9.457042978211733326e-04,1.775341454901480792e-03
2.700000000000000000e+01,-4.500004705610642988e-03,-8.616153027960156419e-03,-1.737738180035586655e-03,-5.402592570126947720e-03,5.652349921936790020e-03
2.800000000000000000e+01,1.211602583365872961e-05,-5.265312093509364605e-03,2.243133072861830087e-04,-3.364704532760007163e-03,5.078593955992498007e-03
2.900000000000000000e+01,-2.221818160790450802e-03,-4.594690854435052457e-03,-9.737905560313171120e-04,-2.971714886714096112e-03,3.003628671639634040e-03
3.000000000000000000e+01,-2.019954284612737044e-03,-4.414887296352023802e-03,-7.332897544675843603e-04,-2.758799939008826571e-03,3.051074142677683010e-03
3.100000000000000000e+01,-1.562008116507307420e-03,-2.978203504283981340e-03,-3.784950511804495953e-04,-1.717129664807184744e-03,2.125485209263706064e-03
3.200000000000000000e+01,-2.499509032063603744e-04,-3.307939198095184437e-04,6.699199187759231205e-04,3.094009670463899455e-04,9.077753293272685688e-04
3.300000000000000000e+01,1.471335464958993880e-03,1.036977046622184102e-03,1.493635397999910040e-03,1.196629808095064874e-03,4.204237927915154428e-04
3.400000000000000000e+01,1.702865352485537741e-03,1.374298487855838552e-03,2.036873943843173999e-03,1.706493170304162381e-03,5.409966763135237071e-04
3.500000000000000000e+01,1.985910887112165429e-03,1.627747695553816935e-03,2.338813057172410385e-03,1.982403539446763070e-03,5.805877335996204253e-04
3.600000000000000000e+01,1.994376248010792853e-03,1.967021447235242984e-03,2.835149088651981071e-03,2.536654941254551897e-03,8.058929778622005028e-04
3.700000000000000000e+01,2.811939479813800082e-03,2.373552711370836496e-03,8.366682720009635532e-03,6.222843794315715236e-03,5.455474833135531137e-03
3.800000000000000000e+01,2.940189530066615771e-03,2.907283077649022284e-03,1.507177157833446655e-02,1.100597326063345455e-02,1.145330900873967050e-02
3.900000000000000000e+01,3.933824034500333841e-03,3.733213315412126088e-03,1.957235240740215140e-02,1.422576913704273922e-02,1.483961876578408084e-02
4.000000000000000000e+01,7.820712789586684727e-03,6.547075151482204675e-03,1.965185810246612708e-02,1.485905123943665786e-02,1.180081896291881351e-02
4.100000000000000000e+01,1.383236170539312374e-02,8.940005126552231368e-03,2.507770370116174652e-02,1.806768531667827735e-02,1.351243353000453236e-02
4.200000000000000000e+01,1.521510145297873609e-02,1.086467490792212068e-02,2.839140099231100833e-02,2.109901678249584064e-02,1.490305275082687286e-02
4.300000000000000000e+01,2.149144797288544267e-02,1.470985980025588460e-02,6.309705577096047513e-02,4.470746105651576124e-02,4.278284844445526258e-02
4.400000000000000000e+01,5.500020829189011806e-02,3.293298338246700846e-02,1.173225540254254906e-01,8.183695550796495077e-02,7.146914431723901118e-02
4.500000000000000000e+01,8.037171765128887924e-02,4.559250440220683626e-02,1.822567544961735397e-01,1.251089333818239668e-01,1.159832778384786572e-01
4.600000000000000000e+01,1.142787261378026276e-01,6.339149536000637797e-02,2.114413541230230065e-01,1.451289909427520286e-01,1.228347529777323588e-01
4.700000000000000000e+01,1.500468756182760099e-01,8.365078557174514262e-02,2.647656120764967369e-01,1.822619732260692682e-01,1.496238389322949169e-01
4.800000000000000000e+01,1.844764573626324067e-01,1.118474838939349791e-01,3.707066449489209714e-01,2.602106001076931463e-01,2.180364045216426905e-01
4.900000000000000000e+01,2.405209810607846777e-01,1.878692920460455218e-01,3.688859494174266951e-01,2.909965006220532335e-01,1.520479393747095342e-01
5.000000000000000000e+01,3.224811612586548359e-01,2.991747588863787888e-01,5.752520273291270581e-01,4.754574703907856192e-01,2.500266272720783611e-01
5.100000000000000000e+01,5.005571165815445589e-01,4.225768410233955996e-01,6.910561309594742685e-01,5.755696091280650961e-01,2.255382963092408266e-01
5.200000000000000000e+01,5.917475339667053191e-01,4.941169481305200950e-01,8.396802403561034467e-01,6.919489476688472918e-01,2.909114772741183130e-01
5.300000000000000000e+01,7.257194543381170204e-01,6.054812041850896609e-01,9.913267849927076547e-01,8.226321746724924999e-01,3.224085076945341077e-01
5.400000000000000000e+01,8.397972188257386561e-01,7.500629946558958761e-01,1.117872643329150373e+00,9.653580190481179102e-01,3.131645718271316436e-01
5.500000000000000000e+01,9.748316243207173493e-01,8.806719134987747166e-01,1.312052052112741229e+00,1.136872102300771514e+00,3.703886799643569261e-01
5.600000000000000000e+01,9.697752515665690742e-01,9.683964107439002600e-01,1.349517962780476532e+00,1.222017831827394874e+00,3.586766202763040368e-01
5.700000000000000000e+01,1.078173295995168868e+00,1.070359286308953939e+00,1.480813741695364616e+00,1.341390920004489118e+00,3.833497081763933556e-01
5.800000000000000000e+01,1.140987109773411889e+00,1.131394506270540390e+00,1.557745387862804698e+00,1.412430892831092910e+00,3.975226364665706558e-01
5.900000000000000000e+01,1.317050267974282596e+00,1.194559372040782996e+00,1.678601594739249414e+00,1.476423888528594075e+00,4.109718859413736824e-01
6.000000000000000000e+01,1.322314747358718678e+00,1.271385232003634957e+00,1.643533391477149053e+00,1.502507499867616447e+00,3.294908432132561127e-01
6.100000000000000000e+01,1.523220283771277828e+00,1.391568737422456792e+00,1.783383982346878227e+00,1.608895051922464070e+00,3.256013007534460657e-01
6.200000000000000000e+01,1.465684672922161091e+00,1.439292904804637452e+00,1.723724849481873544e+00,1.620116945216953708e+00,2.566301180005625682e-01
6.300000000000000000e+01,1.463517442905854615e+00,1.451048365029179887e+00,1.785827500129274714e+00,1.670078095803684937e+00,3.099220835334271507e-01
6.400000000000000000e+01,1.536778446602852899e+00,1.517839991492753393e+00,1.869722024229241830e+00,1.746115194947045923e+00,3.232000109511684038e-01
6.500000000000000000e+01,1.547742396537422405e+00,1.513124131096685199e+00,1.905859083381463703e+00,1.763408010806291726e+00,3.550816672537965291e-01
6.600000000000000000e+01,1.636335623769779701e+00,1.569617458985471892e+00,1.970772657125067440e+00,1.814814869483766246e+00,3.510143623437587124e-01
6.700000000000000000e+01,1.731613870990976745e+00,1.713511234188630272e+00,2.129807433490390700e+00,1.985007821455688548e+00,3.842385510349663469e-01
6.800000000000000000e+01,1.846908339387562714e+00,1.810146870006075659e+00,2.209700844541414355e+00,2.064262363235805697e+00,3.606248811246512420e-01
6.900000000000000000e+01,1.931216243900636176e+00,1.810670367516556523e+00,2.251773767799887693e+00,2.064557342244084381e+00,3.722965629012214839e-01
7.000000000000000000e+01,2.031163548089459425e+00,1.897966097387767004e+00,2.328644241262048276e+00,2.140685709736723563e+00,3.600740586137923804e-01
7.100000000000000000e+01,1.937834812331338252e+00,1.841267126833131318e+00,2.377204047096750372e+00,2.166369178509475191e+00,4.664756870370165842e-01
7.200000000000000000e+01,2.065787320033037666e+00,1.953692745937811281e+00,2.468360650595227135e+00,2.259439824344346537e+00,4.419721117928794851e-01
7.300000000000000000e+01,2.092530016680318905e+00,2.004033108066576752e+00,2.489429991736825443e+00,2.298132060975495161e+00,4.221486982415522116e-01
7.400000000000000000e+01,2.150764099791634187e+00,2.020735845745560422e+00,2.550463066206928975e+00,2.330544574704448202e+00,4.508153298692160194e-01
7.500000000000000000e+01,2.224762775693478023e+00,2.053642713727018343e+00,2.560679947545867918e+00,2.334627515617431204e+00,4.212200155798148105e-01
7.600000000000000000e+01,2.282822967132053016e+00,2.097621590661378210e+00,2.637684574824736394e+00,2.395929787946725842e+00,4.481539107267604738e-01
7.700000000000000000e+01,2.344542854820066857e+00,2.149213058788486563e+00,2.724361983928147435e+00,2.467535743537733861e+00,4.775923813571879561e-01
7.800000000000000000e+01,2.443130970259559831e+00,2.217918533971031891e+00,2.812909674486345324e+00,2.539508482218398200e+00,4.905649300553023284e-01
7.900000000000000000e+01,2.520178271770005196e+00,2.257682517291699220e+00,2.852918369521124209e+00,2.567007833951880702e+00,4.871348038615863074e-01
8.000000000000000000e+01,2.556666966163982480e+00,2.293946710683172796e+00,2.818176669018228608e+00,2.555859931079606628e+00,4.280323490074047776e-01
8.100000000000000000e+01,2.549760891289753140e+00,2.324361589565503650e+00,2.814999581586031585e+00,2.576320483671106221e+00,4.010442188209284997e-01
8.200000000000000000e+01,2.535230495171895360e+00,2.343487359670973991e+00,2.863237135827363389e+00,2.626072831941593133e+00,4.292078575134671281e-01
8.300000000000000000e+01,2.633065775988242763e+00,2.434344633820696213e+00,2.924140169646566978e+00,2.694634610315427725e+00,4.022790970916071962e-01
8.400000000000000000e+01,2.645258340152215837e+00,2.433929334996050464e+00,2.941554231744692771e+00,2.701902931109756878e+00,4.164048455230641155e-01
8.500000000000000000e+01,2.708128231040505263e+00,2.460018250274529361e+00,3.007576050949986701e+00,2.742353457136175621e+00,4.477336035758454069e-01
8.600000000000000000e+01,2.676726134083507791e+00,2.447356277527179547e+00,2.999989311686589666e+00,2.739321681448009915e+00,4.533886650227244020e-01
8.700000000000000000e+01,2.677262464774841533e+00,2.442878037142374836e+00,3.007864038439705734e+00,2.741407228796440165e+00,4.635335980095275921e-01
8.800000000000000000e+01,2.726795430097087358e+00,2.499360034948297393e+00,3.046957796511870598e+00,2.788613410941083171e+00,4.492433679986511108e-01
8.900000000000000000e+01,2.764915819992201040e+00,2.516109718972230347e+00,3.032018680565571778e+00,2.777113659694467884e+00,4.213261975574839058e-01
9.000000000000000000e+01,2.736813965800251047e+00,2.502218676642826711e+00,3.011664838549077849e+00,2.763651021527852691e+00,4.163936939572973062e-01
9.100000000000000000e+01,2.745131687045732072e+00,2.493462390762148928e+00,3.015582137613324054e+00,2.757652456568404631e+00,4.264009125256145172e-01
9.200000000000000000e+01,2.719958273602566479e+00,2.483938783594467736e+00,3.041069762486015016e+00,2.776686272852799675e+00,4.566606888159990274e-01
9.300000000000000000e+01,2.711180452880992853e+00,2.466287139897012537e+00,3.026205348980418819e+00,2.757934841624623434e+00,4.583651241192349679e-01
9.400000000000000000e+01,2.700819802735409780e+00,2.443720853190737063e+00,3.008348196976866618e+00,2.734439432533266157e+00,4.616288169671884933e-01
9.500000000000000000e+01,2.703304628970175649e+00,2.447357186059018197e+00,2.992624292201405467e+00,2.725552775850224041e+00,4.454865894506742641e-01
9.600000000000000000e+01,2.674833083042056359e+00,2.457848043213327394e+00,2.966923226786442935e+00,2.724903152319161137e+00,4.171632785117931341e-01
9.700000000000000000e+01,2.647726297476378665e+00,2.441762278911820960e+00,2.951372883842557027e+00,2.712848009344126066e+00,4.186355588299606190e-01
9.800000000000000000e+01,2.626948807656501739e+00,2.425293083671402172e+00,2.934594686095433502e+00,2.697608910625723055e+00,4.188339049037633766e-01
9.900000000000000000e+01,2.584351570472883886e+00,2.397363248511261258e+00,2.894813573315134114e+00,2.666667357726635768e+00,4.103159289059121195e-01
1.000000000000000000e+02,2.550098623137253107e+00,2.368014796496168639e+00,2.873968302222480453e+00,2.644622524766681249e+00,4.184814021683498364e-01
1.010000000000000000e+02,2.539981419015754582e+00,2.368112207867584029e+00,2.861302267617146455e+00,2.639615843984568944e+00,4.088045164581939339e-01
1.020000000000000000e+02,2.557280415375494442e+00,2.388622781802272055e+00,2.861056924774842081e+00,2.647359665926244610e+00,3.909643828458592152e-01
1.030000000000000000e+02,2.525481712420257541e+00,2.372410665310047406e+00,2.828904974696714980e+00,2.625716522531089225e+00,3.794050758497887754e-01
1.040000000000000000e+02,2.513523990109597150e+00,2.355662987382999951e+00,2.803777923976542130e+00,2.601785944203162337e+00,3.711689873930249517e-01
1.050000000000000000e+02,2.524193713516987181e+00,2.358871244252959798e+00,2.797580717704463815e+00,2.596236736799286682e+00,3.618090196027330951e-01
1.060000000000000000e+02,2.486350839783331601e+00,2.334682883038472490e+00,2.767845472026589704e+00,2.572901956782264410e+00,3.589318880504682174e-01
1.070000000000000000e+02,2.462458825217951564e+00,2.310903874844403738e+00,2.750443735652681632e+00,2.553412131925406392e+00,3.645999334797213054e-01
1.080000000000000000e+02,2.447966383501737120e+00,2.301025736637571484e+00,2.730313569429653420e+00,2.538237409544237710e+00,3.562767529046267367e-01
1.090000000000000000e+02,2.428231425659655773e+00,2.278345600933881165e+00,2.726097149145270571e+00,2.526884691499549529e+00,3.721834664708197904e-01
1.100000000000000000e+02,2.410288445419534131e+00,2.258984646244220684e+00,2.705730524210216537e+00,2.506380631829780103e+00,3.710410226164889691e-01
1.110000000000000000e+02,2.390014480327344870e+00,2.242822617784940409e+00,2.675420107018088078e+00,2.482156989759570553e+00,3.591733743140158586e-01
1.120000000000000000e+02,2.362507609868282898e+00,2.224865859755130515e+00,2.639822528120682854e+00,2.455623055294447799e+00,3.451491477160987253e-01
1.130000000000000000e+02,2.356961007916783313e+00,2.215097373352385546e+00,2.621398148635758041e+00,2.438676678686501731e+00,3.367376903297068513e-01
1.140000000000000000e+02,2.320428155088162914e+00,2.178058686772499364e+00,2.584366582402678247e+00,2.401474127754063659e+00,3.366624851048357625e-01
1.150000000000000000e+02,2.279706109184438834e+00,2.149123853125488370e+00,2.559050053041358019e+00,2.378880567716417982e+00,3.419709240040729736e-01
1.160000000000000000e+02,2.252223127487471110e+00,2.129002396855201429e+00,2.544447738382358715e+00,2.364892380995882615e+00,3.484399539961161030e-01
1.170000000000000000e+02,2.257259410660088950e+00,2.122630959233030357e+00,2.530849223223410327e+00,2.349900318084264139e+00,3.396850544760550150e-01
1.180000000000000000e+02,2.235764189517771783e+00,2.103957096763378054e+00,2.493161012898528650e+00,2.319490676602014023e+00,3.232514829195561323e-01
1.190000000000000000e+02,2.223999822626995027e+00,2.087853203184565132e+00,2.461665747932559878e+00,2.291679359869085442e+00,3.089457432753622279e-01
1.200000000000000000e+02,2.204691760558899372e+00,2.068763923902937840e+00,2.420433498167689379e+00,2.257901027860784726e+00,2.895915618690734217e-01
1.210000000000000000e+02,2.175507712047064501e+00,2.041815556547450505e+00,2.388775690399836282e+00,2.228558260615836506e+00,2.857645942735045907e-01
1.220000000000000000e+02,2.144690934558287410e+00,2.013336214465258678e+00,2.356330087652014349e+00,2.198213889892086659e+00,2.825990411689326409e-01
1.230000000000000000e+02,2.117590040562714826e+00,1.992972315936453187e+00,2.323152278445766328e+00,2.171553049400574587e+00,2.722778144772696196e-01
1.240000000000000000e+02,2.113429345861966180e+00,1.979880708169508230e+00,2.299421738429205053e+00,2.148391849111820573e+00,2.620728302012635957e-01
1.250000000000000000e+02,2.104556740812294713e+00,1.966014179486238245e+00,2.278406532513927552e+00,2.128094894396012293e+00,2.556097490782575643e-01
1.260000000000000000e+02,2.074056426345456394e+00,1.938816731145408978e+00,2.253739237304992038e+00,2.103685170185114917e+00,2.579852472939355157e-01
1.270000000000000000e+02,2.044435771143488623e+00,1.906575635707559391e+00,2.232179930571796422e+00,2.077691787138407520e+00,2.668927734552183351e-01
1.280000000000000000e+02,2.005075664894311771e+00,1.874233111416785613e+00,2.196446594259435336e+00,2.045427915486043080e+00,2.646289939033564242e-01
1.290000000000000000e+02,1.972895565432514875e+00,1.847264956921948809e+00,2.169385588910362817e+00,2.020135175410702644e+00,2.651230998558766760e-01
1.300000000000000000e+02,1.972561268385171207e+00,1.838900808297425415e+00,2.153731230813493269e+00,2.004234269945555535e+00,2.580317541344201437e-01
1.310000000000000000e+02,1.942952715861273161e+00,1.813403612472641591e+00,2.116460553449435622e+00,1.972258538660960570e+00,2.483111393818744628e-01
1.320000000000000000e+02,1.925495101114958807e+00,1.792102404913670899e+00,2.087116690129271479e+00,1.944314362990308576e+00,2.412454516938043747e-01
1.330000000000000000e+02,1.896679658044887029e+00,1.792443700854446487e+00,2.059535575136282048e+00,1.935759631312189866e+00,2.198234178309393660e-01
1.340000000000000000e+02,1.864270161985553731e+00,1.764151423792511331e+00,2.029245981946311339e+00,1.907508216497364018e+00,2.185974561932398086e-01
1.350000000000000000e+02,1.845496846420410897e+00,1.738328825279892520e+00,2.003196432938989524e+00,1.879184556672450768e+00,2.175714380053477559e-01
1.360000000000000000e+02,1.813285196492660845e+00,1.710753542496693536e+00,1.967758383458023452e+00,1.847912885138924155e+00,2.112672807816288467e-01
1.370000000000000000e+02,1.781307291812610938e+00,1.680118548671340584e+00,1.930033764987769906e+00,1.812999111835203125e+00,2.052817477496817755e-01
1.380000000000000000e+02,1.734948403180211818e+00,1.645092386812530671e+00,1.883497061736447709e+00,1.774076831305914981e+00,1.966130962767059509e-01
1.390000000000000000e+02,1.690135398314996262e+00,1.609490558018495943e+00,1.845739404982231990e+00,1.740108175895486609e+00,1.961062238788400247e-01
1.400000000000000000e+02,1.664387388880616436e+00,1.587989521130344972e+00,1.815342540409313532e+00,1.714092244732900339e+00,1.889308954736892976e-01
1.410000000000000000e+02,1.632680963248437367e+00,1.560794888407174508e+00,1.768210796419585673e+00,1.675110135468360850e+00,1.719913464646093681e-01
1.420000000000000000e+02,1.600986845692946359e+00,1.527147500039268913e+00,1.730417314484228530e+00,1.638047594451349509e+00,1.680252794242350078e-01
1.430000000000000000e+02,1.546121106692824210e+00,1.462575000088170540e+00,1.674233445228062500e+00,1.575831927979880476e+00,1.740906795804995910e-01
1.440000000000000000e+02,1.477951074022882505e+00,1.409771726295984351e+00,1.608406420658762048e+00,1.519468406628870172e+00,1.648201211111298414e-01
1.450000000000000000e+02,1.439648635715979008e+00,1.369525378660633397e+00,1.556690363511433084e+00,1.470927616209384725e+00,1.544118141415574130e-01
1.460000000000000000e+02,1.417107176178928452e+00,1.348575224100172720e+00,1.508705208497578720e+00,1.432484563005524736e+00,1.311969509867373374e-01
1.470000000000000000e+02,1.384916375648899134e+00,1.322211053430152550e+00,1.468706223927418675e+00,1.398972726355414364e+00,1.200250549549593398e-01
1.480000000000000000e+02,1.354277381722716278e+00,1.296805642921892598e+00,1.420624678943463559e+00,1.360194420669331938e+00,1.011843604309577149e-01
1.490000000000000000e+02,1.289447016144282809e+00,1.234152494139280298e+00,1.337504529611330817e+00,1.284622343785646548e+00,8.445551623484846837e-02
1.500000000000000000e+02,1.251302349332796604e+00,1.200157822125566209e+00,1.303955566489523044e+00,1.252308142632460486e+00,8.475348744119252931e-02
1.510000000000000000e+02,1.214821238122987923e+00,1.158835436396036700e+00,1.265065466299167163e+00,1.210993522422473267e+00,8.677867560191249163e-02
1.520000000000000000e+02,1.186524335420963805e+00,1.114876353621511162e+00,1.206799666454746456e+00,1.152275901577183737e+00,7.886533610233194269e-02
1.530000000000000000e+02,1.142127744533407707e+00,1.076719163100495980e+00,1.166298764642816010e+00,1.114636036984405498e+00,7.568069106648329936e-02
1.540000000000000000e+02,1.100812400368416988e+00,1.032590645115169181e+00,1.103851880122164175e+00,1.057357550035416649e+00,6.579972962365807088e-02
1.550000000000000000e+02,1.044936119681986408e+00,9.665966052035993572e-01,1.055154290234455061e+00,9.995218903980408465e-01,7.911722418502536991e-02
1.560000000000000000e+02,9.922114352393667236e-01,9.124420963379011873e-01,1.000152246476621709e+00,9.443257501298930601e-01,7.921636853647383292e-02
1.570000000000000000e+02,9.040043410314496652e-01,8.535634668356917309e-01,9.215165511457779068e-01,8.820518983104964628e-01,5.761396805935311421e-02
1.580000000000000000e+02,8.195452177637391200e-01,7.964185610654345160e-01,8.486559632777674889e-01,8.235346103075548152e-01,4.274484475383773241e-02
1.590000000000000000e+02,7.817184793708281676e-01,7.546409575061454600e-01,7.975889865010765689e-01,7.742471362145385561e-01,3.546264627246266399e-02
1.600000000000000000e+02,7.354873086593931575e-01,7.195260918361587876e-01,7.544470743522186940e-01,7.374863412391206019e-01,2.854787929459399326e-02
1.610000000000000000e+02,7.011304153596163991e-01,6.724099458909340576e-01,7.147236148098340403e-01,6.910455686806399322e-01,3.527723228733734007e-02
1.620000000000000000e+02,6.635928115216470635e-01,6.380566130848444040e-01,6.738171774031520567e-01,6.533849231514486933e-01,3.007733032365795048e-02
1.630000000000000000e+02,5.859104605252383191e-01,5.831230841699652778e-01,6.093372853624907659e-01,5.996700928465578118e-01,2.351141503434208552e-02
1.640000000000000000e+02,5.307675134930671668e-01,5.225881912708898458e-01,5.386763899084330287e-01,5.305872162885262311e-01,1.313657783220877583e-02
1.650000000000000000e+02,4.845556366003689330e-01,4.751571608107723055e-01,4.847050319092219839e-01,4.783895829465398819e-01,8.932226514482437263e-03
1.660000000000000000e+02,4.403178579162299600e-01,4.193598778341434130e-01,4.421600113892512063e-01,4.275739735101864447e-01,2.068253744018048318e-02
1.670000000000000000e+02,3.942203457851291004e-01,3.819261495841813625e-01,4.055610383574466682e-01,3.935846766993756352e-01,1.930303989383639826e-02
1.680000000000000000e+02,3.611228545168309045e-01,3.540416620493890276e-01,3.767938747044358161e-01,3.668494063302729091e-01,1.901329758273576087e-02
1.690000000000000000e+02,3.354694494804935090e-01,3.320605445840305037e-01,3.432544820810144448e-01,3.383868679498654441e-01,9.369729081122803171e-03
1.700000000000000000e+02,3.014391637321046646e-01,3.005683284820511170e-01,3.045573180753330389e-01,3.029373764608878639e-01,3.424959270884595994e-03
1.710000000000000000e+02,2.783040025997981504e-01,2.776183745161977523e-01,2.848636082656463842e-01,2.822199876546300779e-01,6.531697905669945660e-03
1.720000000000000000e+02,2.489363524996554000e-01,2.467182533597714889e-01,2.534344934019582274e-01,2.504563803412679923e-01,5.588126924335836722e-03
1.730000000000000000e+02,2.280385854516557842e-01,2.239356884100623946e-01,2.323238016964979391e-01,2.281601315871549795e-01,6.849405064352541775e-03
1.740000000000000000e+02,2.084480035202585235e-01,2.021901900622197767e-01,2.101232527658198068e-01,2.053929607119402145e-01,6.828052371393722453e-03
1.750000000000000000e+02,1.768173745779947903e-01,1.660964910777117665e-01,1.775534768594685953e-01,1.701608537654553110e-01,1.047200952377993870e-02
1.760000000000000000e+02,1.382908222509059981e-01,1.245778628088430734e-01,1.538080292602623800e-01,1.394936539624349603e-01,2.388148144305364540e-02
1.770000000000000000e+02,1.335907307153674228e-01,1.071320314635973436e-01,1.477885208417615004e-01,1.254167912984500977e-01,3.369530227148735679e-02
1.780000000000000000e+02,1.096634569387535674e-01,7.167614407928342424e-02,1.305771794507744055e-01,9.828106337378735013e-02,4.876133119788307602e-02
1.790000000000000000e+02,7.543971986411551756e-02,5.103258613755123907e-02,1.079616744978493803e-01,8.084960046889523577e-02,4.663954836583156238e-02
1.800000000000000000e+02,8.788358415011048030e-02,5.853272710938982326e-02,1.085726021389984697e-01,8.210902478222202594e-02,4.106091608735165654e-02
1.810000000000000000e+02,9.225535749570488997e-02,5.987955175749953840e-02,9.896446823627744194e-02,7.514422749728302819e-02,3.412939860316141494e-02
1.820000000000000000e+02,8.947347884237767668e-02,5.662569035606265094e-02,8.964435549173799256e-02,6.768887095107452290e-02,3.105005746720642529e-02
1.830000000000000000e+02,7.177941059931711165e-02,4.369027067745223647e-02,8.355834060774838812e-02,6.090593732369470326e-02,3.344784313697710815e-02
1.840000000000000000e+02,7.753823626629963162e-02,4.625500083478768787e-02,8.963067736291159548e-02,6.474437337636630707e-02,3.655326259954778945e-02
1.850000000000000000e+02,4.399976497281277155e-02,2.500294484164980111e-02,6.371281677716518488e-02,4.447725275493905756e-02,3.160828141695950361e-02
1.860000000000000000e+02,3.435583767273805988e-02,1.917920403728512121e-02,4.865278789756978528e-02,3.376938206565725104e-02,2.406865310181883350e-02
1.870000000000000000e+02,9.369089494025600526e-03,6.183510531366764526e-03,3.284796070483726044e-02,2.289795099279414922e-02,2.378046079092577605e-02
1.880000000000000000e+02,7.944856232650163597e-04,3.972428116325081799e-04,1.521930168777652949e-02,1.014620112518435299e-02,1.379092374110616782e-02
1.890000000000000000e+02,0.000000000000000000e+00,0.000000000000000000e+00,2.220929064496248578e-03,1.480619376330832458e-03,2.093912002719456461e-03
1.900000000000000000e+02,0.000000000000000000e+00,0.000000000000000000e+00,2.591688543333255535e-03,1.727792362222170357e-03,2.443467391619240456e-03
1.910000000000000000e+02,0.000000000000000000e+00,0.000000000000000000e+00,0.000000000000000000e+00,0.000000000000000000e+00,0.000000000000000000e+00
1.920000000000000000e+02,0.000000000000000000e+00,0.000000000000000000e+00,3.222384572000380667e-03,2.148256381333586967e-03,3.038093309936506538e-03
1.930000000000000000e+02,0.000000000000000000e+00,0.000000000000000000e+00,0.000000000000000000e+00,0.000000000000000000e+00,0.000000000000000000e+00
1.940000000000000000e+02,0.000000000000000000e+00,0.000000000000000000e+00,0.000000000000000000e+00,0.000000000000000000e+00,0.000000000000000000e+00
1.950000000000000000e+02,0.000000000000000000e+00,0.000000000000000000e+00,0.000000000000000000e+00,0.000000000000000000e+00,0.000000000000000000e+00
1.960000000000000000e+02,0.000000000000000000e+00,0.000000000000000000e+00,0.000000000000000000e+00,0.000000000000000000e+00,0.000000000000000000e+00
1.970000000000000000e+02,0.000000000000000000e+00,0.000000000000000000e+00,0.000000000000000000e+00,0.000000000000000000e+00,0.000000000000000000e+00
1.980000000000000000e+02,0.000000000000000000e+00,0.000000000000000000e+00,0.000000000000000000e+00,0.000000000000000000e+00,0.000000000000000000e+00
1.990000000000000000e+02,0.000000000000000000e+00,0.000000000000000000e+00,0.000000000000000000e+00,0.000000000000000000e+00,0.000000000000000000e+00
2.000000000000000000e+02,0.000000000000000000e+00,0.000000000000000000e+00,0.000000000000000000e+00,0.000000000000000000e+00,0.000000000000000000e+00
